<?xml version="1.0" encoding="UTF-8"?>
<configurationDescriptor version="62">
  <logicalFolder name="root" displayName="root" projectFiles="true">
    <logicalFolder name="HeaderFiles"
                   displayName="Header Files"
                   projectFiles="true">
      <itemPath>C:/CMPE118/include/AD.h</itemPath>
      <itemPath>C:/CMPE118/include/BOARD.h</itemPath>
      <itemPath>C:/CMPE118/include/IO_Ports.h</itemPath>
      <itemPath>C:/CMPE118/include/LED.h</itemPath>
      <itemPath>C:/CMPE118/include/RC_Servo.h</itemPath>
      <itemPath>C:/CMPE118/include/pwm.h</itemPath>
      <itemPath>C:/CMPE118/include/serial.h</itemPath>
      <itemPath>C:/CMPE118/include/timers.h</itemPath>
      <itemPath>C:/CMPE118/include/ES_CheckEvents.h</itemPath>
      <itemPath>C:/CMPE118/include/ES_Events.h</itemPath>
      <itemPath>C:/CMPE118/include/ES_Framework.h</itemPath>
      <itemPath>C:/CMPE118/include/ES_General.h</itemPath>
      <itemPath>C:/CMPE118/include/ES_KeyboardInput.h</itemPath>
      <itemPath>C:/CMPE118/include/ES_LookupTables.h</itemPath>
      <itemPath>C:/CMPE118/include/ES_Port.h</itemPath>
      <itemPath>C:/CMPE118/include/ES_PostList.h</itemPath>
      <itemPath>C:/CMPE118/include/ES_PriorTables.h</itemPath>
      <itemPath>C:/CMPE118/include/ES_Queue.h</itemPath>
      <itemPath>C:/CMPE118/include/ES_ServiceHeaders.h</itemPath>
      <itemPath>C:/CMPE118/include/ES_TattleTale.h</itemPath>
      <itemPath>C:/CMPE118/include/ES_Timers.h</itemPath>
      <itemPath>ES_Configure.h</itemPath>
      <itemPath>TapeSensorService.h</itemPath>
      <itemPath>EventChecker.h</itemPath>
      <itemPath>BaseFSM.h</itemPath>
      <itemPath>TemplateService.h</itemPath>
      <itemPath>TemplateSubHSM.h</itemPath>
      <itemPath>TopHSM.h</itemPath>
      <itemPath>ReloadSubHSM.h</itemPath>
      <itemPath>../Motor_test/motors.h</itemPath>
      <itemPath>TapeFollowSM.h</itemPath>
      <itemPath>BumperService.h</itemPath>
      <itemPath>BumpResService.h</itemPath>
      <itemPath>ReceiveService.h</itemPath>
      <itemPath>PinsMaster.h</itemPath>
      <itemPath>ScoreSubHSM.h</itemPath>
      <itemPath>TrackWireService.h</itemPath>
      <itemPath>InitSubHSM.h</itemPath>
      <itemPath>DepositBallsSM.h</itemPath>
      <itemPath>ExclusionRadar.h</itemPath>
      <itemPath>BatteryAdjust.h</itemPath>
    </logicalFolder>
    <logicalFolder name="LinkerScript"
                   displayName="Linker Files"
                   projectFiles="true">
      <itemPath>C:/CMPE118/bootloader320.ld</itemPath>
    </logicalFolder>
    <logicalFolder name="SourceFiles"
                   displayName="Source Files"
                   projectFiles="true">
      <itemPath>C:/CMPE118/src/AD.c</itemPath>
      <itemPath>C:/CMPE118/src/BOARD.c</itemPath>
      <itemPath>C:/CMPE118/src/IO_Ports.c</itemPath>
      <itemPath>C:/CMPE118/src/LED.c</itemPath>
      <itemPath>C:/CMPE118/src/RC_Servo.c</itemPath>
      <itemPath>C:/CMPE118/src/pwm.c</itemPath>
      <itemPath>C:/CMPE118/src/serial.c</itemPath>
      <itemPath>C:/CMPE118/src/timers.c</itemPath>
      <itemPath>C:/CMPE118/src/ES_CheckEvents.c</itemPath>
      <itemPath>C:/CMPE118/src/ES_Framework.c</itemPath>
      <itemPath>C:/CMPE118/src/ES_KeyboardInput.c</itemPath>
      <itemPath>C:/CMPE118/src/ES_PostList.c</itemPath>
      <itemPath>C:/CMPE118/src/ES_Queue.c</itemPath>
      <itemPath>C:/CMPE118/src/ES_TattleTale.c</itemPath>
      <itemPath>C:/CMPE118/src/ES_Timers.c</itemPath>
      <itemPath>TapeSensorService.c</itemPath>
      <itemPath>main.c</itemPath>
      <itemPath>EventChecker.c</itemPath>
      <itemPath>BaseFSM.c</itemPath>
      <itemPath>TemplateService.c</itemPath>
      <itemPath>TemplateSubHSM.c</itemPath>
      <itemPath>TopHSM.c</itemPath>
      <itemPath>ReloadSubHSM.c</itemPath>
      <itemPath>../Motor_test/motors.c</itemPath>
      <itemPath>TapeFollowSM.c</itemPath>
      <itemPath>BumperService.c</itemPath>
      <itemPath>BumpResService.c</itemPath>
      <itemPath>ReceiveService.c</itemPath>
      <itemPath>ScoreSubHSM.c</itemPath>
      <itemPath>TrackWireService.c</itemPath>
      <itemPath>InitSubHSM.c</itemPath>
      <itemPath>DepositBallsSM.c</itemPath>
      <itemPath>ExclusionRadar.c</itemPath>
      <itemPath>BatteryAdjust.c</itemPath>
    </logicalFolder>
    <logicalFolder name="ExternalFiles"
                   displayName="Important Files"
                   projectFiles="false">
      <itemPath>Makefile</itemPath>
    </logicalFolder>
  </logicalFolder>
  <sourceRootList>
    <Elem>C:\CMPE118</Elem>
    <Elem>.</Elem>
    <Elem>../Motor_test</Elem>
  </sourceRootList>
  <projectmakefile>Makefile</projectmakefile>
  <confs>
    <conf name="default" type="2">
      <toolsSet>
        <developmentServer>localhost</developmentServer>
        <targetDevice>PIC32MX320F128H</targetDevice>
        <targetHeader></targetHeader>
        <targetPluginBoard></targetPluginBoard>
        <platformTool>Simulator</platformTool>
        <languageToolchain>XC32</languageToolchain>
        <languageToolchainVersion>1.42</languageToolchainVersion>
        <platform>3</platform>
      </toolsSet>
      <compileType>
        <linkerTool>
          <linkerLibItems>
          </linkerLibItems>
        </linkerTool>
        <archiverTool>
        </archiverTool>
        <loading>
          <useAlternateLoadableFile>false</useAlternateLoadableFile>
          <parseOnProdLoad>false</parseOnProdLoad>
          <alternateLoadableFile></alternateLoadableFile>
        </loading>
      </compileType>
      <makeCustomizationType>
        <makeCustomizationPreStepEnabled>true</makeCustomizationPreStepEnabled>
        <makeCustomizationPreStep>python C:\CMPE118\scripts\Enum_To_String.py</makeCustomizationPreStep>
        <makeCustomizationPostStepEnabled>false</makeCustomizationPostStepEnabled>
        <makeCustomizationPostStep></makeCustomizationPostStep>
        <makeCustomizationPutChecksumInUserID>false</makeCustomizationPutChecksumInUserID>
        <makeCustomizationEnableLongLines>false</makeCustomizationEnableLongLines>
        <makeCustomizationNormalizeHexFile>false</makeCustomizationNormalizeHexFile>
      </makeCustomizationType>
      <C32>
        <property key="additional-warnings" value="false"/>
        <property key="addresss-attribute-use" value="false"/>
        <property key="enable-app-io" value="false"/>
        <property key="enable-omit-frame-pointer" value="false"/>
        <property key="enable-symbols" value="true"/>
        <property key="enable-unroll-loops" value="false"/>
        <property key="exclude-floating-point" value="false"/>
        <property key="extra-include-directories"
                  value=".;C:\CMPE118\include;C:\CMPE118"/>
        <property key="generate-16-bit-code" value="false"/>
        <property key="generate-micro-compressed-code" value="false"/>
        <property key="isolate-each-function" value="false"/>
        <property key="make-warnings-into-errors" value="false"/>
        <property key="optimization-level" value=""/>
        <property key="place-data-into-section" value="false"/>
        <property key="post-instruction-scheduling" value="default"/>
        <property key="pre-instruction-scheduling" value="default"/>
        <property key="preprocessor-macros" value="SIMPLESERVICE_TEST"/>
        <property key="strict-ansi" value="false"/>
        <property key="support-ansi" value="false"/>
        <property key="toplevel-reordering" value=""/>
        <property key="use-cci" value="false"/>
        <property key="use-iar" value="false"/>
        <property key="use-indirect-calls" value="false"/>
      </C32>
      <C32-AR>
        <property key="additional-options-chop-files" value="false"/>
      </C32-AR>
      <C32-AS>
        <property key="assembler-symbols" value=""/>
        <property key="enable-symbols" value="true"/>
        <property key="exclude-floating-point-library" value="false"/>
        <property key="expand-macros" value="false"/>
        <property key="extra-include-directories-for-assembler" value=""/>
        <property key="extra-include-directories-for-preprocessor" value=""/>
        <property key="false-conditionals" value="false"/>
        <property key="generate-16-bit-code" value="false"/>
        <property key="generate-micro-compressed-code" value="false"/>
        <property key="keep-locals" value="false"/>
        <property key="list-assembly" value="false"/>
        <property key="list-source" value="false"/>
        <property key="list-symbols" value="false"/>
        <property key="oXC32asm-list-to-file" value="false"/>
        <property key="omit-debug-dirs" value="false"/>
        <property key="omit-forms" value="false"/>
        <property key="preprocessor-macros" value=""/>
        <property key="warning-level" value=""/>
      </C32-AS>
      <C32-LD>
        <property key="additional-options-use-response-files" value="false"/>
        <property key="allocate-dinit" value="false"/>
        <property key="code-dinit" value="false"/>
        <property key="ebase-addr" value=""/>
        <property key="enable-check-sections" value="false"/>
        <property key="exclude-floating-point-library" value="false"/>
        <property key="exclude-standard-libraries" value="false"/>
        <property key="extra-lib-directories" value=""/>
        <property key="fill-flash-options-addr" value=""/>
        <property key="fill-flash-options-const" value=""/>
        <property key="fill-flash-options-how" value="0"/>
        <property key="fill-flash-options-inc-const" value="1"/>
        <property key="fill-flash-options-increment" value=""/>
        <property key="fill-flash-options-seq" value=""/>
        <property key="fill-flash-options-what" value="0"/>
        <property key="generate-16-bit-code" value="false"/>
        <property key="generate-cross-reference-file" value="false"/>
        <property key="generate-micro-compressed-code" value="false"/>
        <property key="heap-size" value="10"/>
        <property key="input-libraries" value=""/>
        <property key="kseg-length" value=""/>
        <property key="kseg-origin" value=""/>
        <property key="linker-symbols" value=""/>
        <property key="map-file" value="${DISTDIR}/${PROJECTNAME}.${IMAGE_TYPE}.map"/>
        <property key="no-startup-files" value="false"/>
        <property key="oXC32ld-extra-opts" value=""/>
        <property key="optimization-level" value=""/>
        <property key="preprocessor-macros" value=""/>
        <property key="remove-unused-sections" value="false"/>
        <property key="report-memory-usage" value="false"/>
        <property key="serial-length" value=""/>
        <property key="serial-origin" value=""/>
        <property key="stack-size" value=""/>
        <property key="symbol-stripping" value=""/>
        <property key="trace-symbols" value=""/>
        <property key="warn-section-align" value="false"/>
      </C32-LD>
      <C32CPP>
        <property key="additional-warnings" value="false"/>
        <property key="addresss-attribute-use" value="false"/>
        <property key="check-new" value="false"/>
        <property key="eh-specs" value="true"/>
        <property key="enable-app-io" value="false"/>
        <property key="enable-omit-frame-pointer" value="false"/>
        <property key="enable-symbols" value="true"/>
        <property key="enable-unroll-loops" value="false"/>
        <property key="exceptions" value="true"/>
        <property key="exclude-floating-point" value="false"/>
        <property key="extra-include-directories" value=""/>
        <property key="generate-16-bit-code" value="false"/>
        <property key="generate-micro-compressed-code" value="false"/>
        <property key="isolate-each-function" value="false"/>
        <property key="make-warnings-into-errors" value="false"/>
        <property key="optimization-level" value=""/>
        <property key="place-data-into-section" value="false"/>
        <property key="post-instruction-scheduling" value="default"/>
        <property key="pre-instruction-scheduling" value="default"/>
        <property key="preprocessor-macros" value=""/>
        <property key="rtti" value="true"/>
        <property key="strict-ansi" value="false"/>
        <property key="toplevel-reordering" value=""/>
        <property key="use-cci" value="false"/>
        <property key="use-iar" value="false"/>
        <property key="use-indirect-calls" value="false"/>
      </C32CPP>
      <C32Global>
        <property key="common-include-directories" value=""/>
        <property key="gp-relative-option" value=""/>
        <property key="legacy-libc" value="false"/>
        <property key="relaxed-math" value="false"/>
        <property key="save-temps" value="false"/>
        <property key="wpo-lto" value="false"/>
      </C32Global>
    </conf>
  </confs>
</configurationDescriptor>
