<?xml version="1.0" encoding="UTF-8"?>
<project-private xmlns="http://www.netbeans.org/ns/project-private/1">
    <editor-bookmarks xmlns="http://www.netbeans.org/ns/editor-bookmarks/2" lastBookmarkId="0"/>
    <open-files xmlns="http://www.netbeans.org/ns/projectui-open-files/2">
        <group>
            <file>file:/C:/Users/hkuttive/Desktop/Active_WALLE/WALL_Eagle/WALL_Eagle.X/TapeSensorService.h</file>
            <file>file:/C:/Users/hkuttive/Desktop/Active_WALLE/WALL_Eagle/WALL_Eagle.X/ReceiveService.c</file>
            <file>file:/C:/Users/hkuttive/Desktop/Active_WALLE/WALL_Eagle/WALL_Eagle.X/ExclusionRadar.c</file>
            <file>file:/C:/Users/hkuttive/Desktop/Active_WALLE/WALL_Eagle/WALL_Eagle.X/TapeFollowSM.c</file>
            <file>file:/C:/Users/hkuttive/Desktop/Active_WALLE/WALL_Eagle/WALL_Eagle.X/TapeSensorService.c</file>
            <file>file:/C:/Users/hkuttive/Desktop/Active_WALLE/WALL_Eagle/WALL_Eagle.X/BatteryAdjust.c</file>
            <file>file:/C:/Users/hkuttive/Desktop/Active_WALLE/WALL_Eagle/WALL_Eagle.X/ReloadSubHSM.c</file>
            <file>file:/C:/Users/hkuttive/Desktop/Active_WALLE/WALL_Eagle/WALL_Eagle.X/ES_Configure.h</file>
            <file>file:/C:/Users/hkuttive/Desktop/Active_WALLE/WALL_Eagle/WALL_Eagle.X/InitSubHSM.c</file>
            <file>file:/C:/Users/hkuttive/Desktop/Active_WALLE/WALL_Eagle/WALL_Eagle.X/BumpResService.c</file>
            <file>file:/C:/Users/hkuttive/Desktop/Active_WALLE/WALL_Eagle/Motor_test/motors.h</file>
            <file>file:/C:/Users/hkuttive/Desktop/Active_WALLE/WALL_Eagle/WALL_Eagle.X/DepositBallsSM.h</file>
            <file>file:/C:/Users/hkuttive/Desktop/Active_WALLE/WALL_Eagle/WALL_Eagle.X/ScoreSubHSM.c</file>
            <file>file:/C:/Users/hkuttive/Desktop/Active_WALLE/WALL_Eagle/WALL_Eagle.X/DepositBallsSM.c</file>
        </group>
    </open-files>
</project-private>
